FirstName,LastName,Email
Ceri,Hill,CHill@cavc.ac.uk
Georgia,Parish,gparish@thecardiffandvalecollege.onmicrosoft.com
Jayne,Cleary,JCleary@cavc.ac.uk
Jennifer,Deegan,JDeegan@cavc.ac.uk
James,Prosser,JProsser@cavc.ac.uk
Lucy,Green,LGreen@cavc.ac.uk
Kelly,Robson,KRobson@cavc.ac.uk
Emma,Simms,ESimms@cavc.ac.uk
Mike,Raynor,MJRaynor@cavc.ac.uk