FirstName,LastName,Email,DOB
Chlo,Scroxton,cscroxton0@indiegogo.com,2000-08-26T20:09:53Z
Delila,Mussilli,dmussilli1@ucoz.com,1998-07-16T05:35:40Z
Gerry,Mc Combe,gmccombe2@booking.com,1999-05-09T00:50:33Z
Alfred,Strang,astrang3@fda.gov,1998-12-16T11:56:02Z
Raquel,Wickey,rwickey4@ihg.com,2000-02-21T05:14:57Z
Tommi,Barwack,tbarwack5@miibeian.gov.cn,2000-04-21T21:21:38Z
Georgine,Sawkin,gsawkin6@weebly.com,2000-02-26T07:00:09Z
Dieter,Delacroux,ddelacroux7@dot.gov,1998-07-25T21:35:11Z
Harris,Bangley,hbangley8@businessinsider.com,2001-01-18T03:19:12Z
Aloysius,Borrel,aborrel9@yandex.ru,2000-04-02T15:34:25Z
Electra,Bingley,ebingleya@ycombinator.com,2001-01-08T12:12:07Z
Aurea,Tybalt,atybaltb@prlog.org,2000-11-28T03:21:40Z
Blythe,Luckett,bluckettc@springer.com,1999-07-27T17:41:54Z
Joyce,Ehlerding,jehlerdingd@slashdot.org,1998-04-25T15:19:08Z
Kristin,Artharg,kartharge@technorati.com,2000-08-04T11:29:56Z
Anetta,Randall,arandallf@mysql.com,1999-09-26T01:13:12Z
Hurley,Whorall,hwhorallg@myspace.com,2000-12-20T22:03:03Z
Karleen,McLennan,kmclennanh@mapquest.com,2000-10-24T12:24:38Z
Michail,Chillingworth,mchillingworthi@people.com.cn,1999-07-28T17:25:40Z
Leeland,Sparke,lsparkej@51.la,1998-03-30T07:53:42Z
Adey,Pren,aprenk@vistaprint.com,1999-06-03T01:46:12Z
Francklin,MacTrustrie,fmactrustriel@hugedomains.com,2000-03-07T01:03:36Z
Abagael,Simonazzi,asimonazzim@liveinternet.ru,2000-02-03T04:29:34Z
Elene,Stoacley,estoacleyn@mozilla.org,1999-03-12T09:06:40Z
Esta,Brandli,ebrandlio@narod.ru,1999-11-16T16:01:54Z
Vikki,Boggs,vboggsp@list-manage.com,2000-01-22T07:46:20Z
Joycelin,Brockwell,jbrockwellq@virginia.edu,1999-08-09T05:18:28Z
Gwen,Stillman,gstillmanr@ask.com,2000-08-07T02:34:53Z
Raynell,Mattisson,rmattissons@phpbb.com,2000-12-17T03:14:10Z
Drusy,Simenet,dsimenett@cnet.com,1999-01-31T10:02:18Z
Marylou,Sumbler,msumbleru@wunderground.com,1999-12-31T12:23:10Z
Florance,Tween,ftweenv@marriott.com,1998-04-18T14:41:07Z
Corby,Crosher,ccrosherw@soup.io,1998-06-21T09:32:17Z
Jaquenetta,Fliege,jfliegex@weebly.com,1998-05-13T07:33:47Z
Tony,Biddulph,tbiddulphy@jugem.jp,1999-05-27T16:08:55Z
Amii,Gillicuddy,agillicuddyz@macromedia.com,1999-12-21T19:11:21Z
Smitty,Teggin,steggin10@businessweek.com,1999-10-22T04:51:30Z
Terza,Brigginshaw,tbrigginshaw11@hibu.com,2000-03-03T03:59:25Z
Deny,Paybody,dpaybody12@bizjournals.com,2000-10-06T01:23:47Z
Skippie,Rookeby,srookeby13@google.ca,2000-10-05T13:53:53Z
Bev,Carlisso,bcarlisso14@booking.com,2000-05-23T17:22:37Z
Eilis,Duckham,educkham15@wikimedia.org,1998-07-16T10:59:05Z
Scotty,McCooke,smccooke16@shop-pro.jp,1999-12-06T10:09:23Z
Ashley,De Simoni,adesimoni17@wired.com,1998-07-24T20:03:36Z
Anderea,Aberkirdo,aaberkirdo18@facebook.com,1999-05-20T13:55:43Z
Fidela,Bernakiewicz,fbernakiewicz19@mashable.com,2000-02-29T05:13:33Z
Artemis,Moral,amoral1a@list-manage.com,2000-08-04T23:08:43Z
Layney,Arrundale,larrundale1b@privacy.gov.au,1998-09-06T18:09:04Z
Rodina,Kille,rkille1c@nsw.gov.au,1998-10-30T05:55:38Z
Ronica,Frayling,rfrayling1d@reuters.com,1998-11-21T01:31:47Z
Farrah,Van der Kruijs,fvanderkruijs1e@google.co.jp,2001-01-08T18:18:57Z
Loretta,Wickerson,lwickerson1f@tinypic.com,2000-11-10T00:28:41Z
Katha,Herrema,kherrema1g@xinhuanet.com,1998-07-25T13:41:40Z
Vinson,Farquarson,vfarquarson1h@infoseek.co.jp,1999-02-21T12:07:43Z
Elsworth,Girardin,egirardin1i@dmoz.org,1999-03-20T12:35:21Z
Geneva,Cumesky,gcumesky1j@prweb.com,1999-10-20T01:14:32Z
Aubrey,Flasby,aflasby1k@wikipedia.org,1999-09-29T18:51:52Z
Bradford,Fetherby,bfetherby1l@bandcamp.com,2001-02-19T16:48:19Z
Gideon,Escudier,gescudier1m@dyndns.org,1998-03-28T13:22:05Z
Rahel,Shaughnessy,rshaughnessy1n@topsy.com,1999-11-13T03:40:18Z
Kelcie,Van Schafflaer,kvanschafflaer1o@nationalgeographic.com,1999-12-18T00:09:56Z
Calla,Van Ross,cvanross1p@craigslist.org,1998-09-21T14:46:47Z
Francyne,Clapp,fclapp1q@cdbaby.com,2000-10-20T16:24:49Z
Burlie,Montfort,bmontfort1r@jalbum.net,1999-07-03T20:31:19Z
Fania,Oldroyd,foldroyd1s@craigslist.org,1999-09-03T02:06:06Z
Husain,Aird,haird1t@nytimes.com,1999-07-11T20:35:25Z
Ambrosi,Henrion,ahenrion1u@geocities.com,1999-06-11T07:16:32Z
Aggy,Champagne,achampagne1v@cisco.com,1999-02-22T04:05:22Z
Malia,Ambrosi,mambrosi1w@paypal.com,1998-05-19T21:41:10Z
Cesar,Leadbetter,cleadbetter1x@tiny.cc,2000-08-23T01:05:43Z
El,Somerlie,esomerlie1y@soup.io,1999-08-23T05:01:38Z
Eleonora,Dauncey,edauncey1z@cloudflare.com,1999-12-14T03:56:25Z
Zitella,Schankelborg,zschankelborg20@google.nl,1999-03-09T03:27:15Z
Wang,Whaplington,wwhaplington21@tumblr.com,1999-02-09T23:08:19Z
Fanechka,Duffrie,fduffrie22@eepurl.com,1999-05-02T13:17:39Z
Daune,Adamovich,dadamovich23@mapquest.com,2000-05-11T02:56:06Z
Somerset,Blincow,sblincow24@npr.org,2000-06-19T08:22:45Z
Marlie,Boshell,mboshell25@facebook.com,1998-12-07T21:55:01Z
Nathalie,Ambroisin,nambroisin26@youtu.be,1999-10-02T05:39:36Z
Krystal,Giacopelo,kgiacopelo27@timesonline.co.uk,1999-01-21T05:27:28Z
Florie,Bailiss,fbailiss28@sciencedirect.com,1999-11-05T11:45:38Z
Iain,Purves,ipurves29@usgs.gov,1998-07-06T22:56:04Z
Rolando,Stowe,rstowe2a@odnoklassniki.ru,1998-11-08T18:55:04Z
Karine,Lye,klye2b@wordpress.com,1999-04-29T00:06:52Z
Dodie,Dimmer,ddimmer2c@walmart.com,2000-03-28T00:46:01Z
Wynn,Johantges,wjohantges2d@walmart.com,1999-12-26T16:52:25Z
Hakim,Landers,hlanders2e@addthis.com,1999-07-29T14:46:22Z
Lillis,Needs,lneeds2f@dedecms.com,2000-12-20T20:44:55Z
Riley,Maccari,rmaccari2g@buzzfeed.com,1999-06-28T10:14:34Z
Olivette,Henkmann,ohenkmann2h@berkeley.edu,2000-01-31T21:37:02Z
Elle,Doppler,edoppler2i@desdev.cn,1998-09-04T03:20:52Z
Bryn,Gierok,bgierok2j@senate.gov,1999-07-01T12:55:59Z
Myranda,Parvin,mparvin2k@spotify.com,1999-03-12T18:32:19Z
Chuck,Kraft,ckraft2l@usgs.gov,2001-02-12T00:22:19Z
Rossy,Galland,rgalland2m@theglobeandmail.com,2000-10-18T09:15:09Z
Silvie,Bushel,sbushel2n@ibm.com,1998-05-30T04:15:23Z
Cordelia,Thecham,cthecham2o@bbb.org,1999-02-18T11:36:25Z
Emmi,Ivanishin,eivanishin2p@dot.gov,2000-11-20T15:40:28Z
Micah,Lambillion,mlambillion2q@vkontakte.ru,1999-01-17T07:05:01Z
Pansie,Hammond,phammond2r@simplemachines.org,1998-12-10T08:28:11Z
